Workbook

Sheet 📋 Assunzioni
A1: 🐺 LUPUS IN FABULA — Modello Finanziario
A2: Assunzioni & Input — modifica i valori BLU per creare scenari
A4: 💰 PREZZI IAP (al lordo commissione store)
A5: Pack Ruoli — prezzo unitario | B5: 1.99 | C5: 3 pack disponibili: Oscurità, Amore, Mistero
A6: Pass Narratore (una tantum) | B6: 4.99 | C6: Voce ElevenLabs premium, Daniel/Adam/Arnold/custom
A7: Bundle Completo | B7: 7.99 | C7: Tutti i pack + Pass Narratore (sconto ~20%)
A8: Commissione App Store / Google Play | B8: 0.3 | C8: Standard 30%; Small Business Program Apple → 15%
A9: Commissione Small Business (< $1M MRR) | B9: 0.15 | C9: Apple riduce al 15% se MRR < $1M — applicabile Y1/Y2
A11: 📊 UTENTI — Scenario Realistico (modifica per altri scenari)
A12: Download Y1 | B12: 15000 | C12: Stima conservativa — launch Italia
A13: Download Y2 | B13: 60000 | C13: Espansione social + recensioni
A14: Download Y3 | B14: 150000 | C14: Crescita organica + App Store feature
A15: MAU / Download (ratio mensile attivo) | B15: 0.4 | C15: 40% degli utenti tornano ogni mese
A16: Conv. Pack Ruoli (% di chi paga almeno 1 pack) | B16: 0.07 | C16: 7% — benchmark freemium giochi sociali
A17: Conv. Pass Narratore (% di utenti totali) | B17: 0.04 | C17: 4% — la voce si sente subito, alta motivazione
A18: Conv. Bundle Completo (% di utenti totali) | B18: 0.02 | C18: 2% — acquisto premium one-shot
A19: Pack medi acquistati per utente convertito | B19: 1.4 | C19: Non tutti comprano tutti i pack
A21: 🎙️ ELEVENLABS — Costi API
A22: Caratteri per narrazione (media) | B22: 180 | C22: Una fase notturna tipica = ~180 char
A23: Narrazioni per partita | B23: 8 | C23: Apertura, lupi, veggente, guardia, alba, giorno, voto, chiusura
A24: Partite al mese per utente Pass attivo | B24: 2.5 | C24: Media: 2-3 serate/mese con EL attivo
A25: Piano EL — soglia Creator (char/mese) | B25: 100000 | C25: $22/mese — sufficiente per ~55 utenti Pass
A26: Piano EL — costo Creator (€/mese) | B26: 20 | C26: ~$22 → ~€20 al cambio
A27: Piano EL — soglia Pro (char/mese) | B27: 500000 | C27: $99/mese — sufficiente per ~278 utenti Pass
A28: Piano EL — costo Pro (€/mese) | B28: 91 | C28: ~$99 → ~€91 al cambio
A29: Piano EL — soglia Scale (char/mese) | B29: 2000000 | C29: $330/mese — ~1.111 utenti Pass
A30: Piano EL — costo Scale (€/mese) | B30: 303 | C30: ~$330 → ~€303 al cambio
A32: 🔧 ALTRI COSTI FISSI (€/mese)
A33: Apple Developer Program | B33: 8.25 | C33: €99/anno ÷ 12
A34: Google Play (una tantum, amm. 12 mesi) | B34: 1.92 | C34: €23 ÷ 12
A35: Netlify Pro (se supera free tier) | B35: 17 | C35: $19/mese — free fino a 100GB bandwidth
A36: RevenueCat (gratis fino a $2.5k MRR) | B36: 0 | C36: 0% fee fino a €2.300 MRR, poi 1% — inserire 0 in Y1/Y2
A37: Firebase (Spark free fino a ~100k conn.) | B37: 0 | C37: Gratis per Y1; Blaze pay-as-you-go da Y2 se scala
A39: Legenda colori:
A40: Blu = Input modificabile
A41: Nero = Formula calcolata
A42: Verde = Link da altro foglio

Sheet 💶 Revenue
A1: 🐺 LUPUS IN FABULA — Proiezioni Revenue (Scenario Realistico)
A2: Voce | B2: Anno 1 | C2: Anno 2 | D2: Anno 3 | E2: Note
A3: 👥 BASE UTENTI
A4: Download cumulativi | B4: ='📋 Assunzioni'!B12 -> 15000 | C4: ='📋 Assunzioni'!B12+'📋 Assunzioni'!B13 -> 75000 | D4: ='📋 Assunzioni'!B12+'📋 Assunzioni'!B13+'📋 Assunzioni'!B14 -> 225000 | E4: Cumulativi (utenti totali registrati)
A5: MAU (Utenti Attivi Mensili) — media anno | B5: =ROUND('📋 Assunzioni'!B12*'📋 Assunzioni'!B15,0) -> 6000 | C5: =ROUND(('📋 Assunzioni'!B12+'📋 Assunzioni'!B13)*'📋 Assunzioni'!B15,0) -> 30000 | D5: =ROUND(('📋 Assunzioni'!B12+'📋 Assunzioni'!B13+'📋 Assunzioni'!B14)*'📋 Assunzioni'!B15,0) -> 90000 | E5: Download × ratio mensile attivo
A6: 💰 RICAVI LORDI (prima commissione store)
A7: Pack Ruoli — ricavi lordi | B7: =ROUND(B5*'📋 Assunzioni'!B16*'📋 Assunzioni'!B19*'📋 Assunzioni'!B5,2) -> 1170.12 | C7: =ROUND(C5*'📋 Assunzioni'!B16*'📋 Assunzioni'!B19*'📋 Assunzioni'!B5,2) -> 5850.6 | D7: =ROUND(D5*'📋 Assunzioni'!B16*'📋 Assunzioni'!B19*'📋 Assunzioni'!B5,2) -> 17551.8 | E7: MAU × conv. pack × pack medi × prezzo unitario
A8: Pass Narratore — ricavi lordi | B8: =ROUND(B5*'📋 Assunzioni'!B17*'📋 Assunzioni'!B6,2) -> 1197.6 | C8: =ROUND(C5*'📋 Assunzioni'!B17*'📋 Assunzioni'!B6,2) -> 5988 | D8: =ROUND(D5*'📋 Assunzioni'!B17*'📋 Assunzioni'!B6,2) -> 17964 | E8: MAU × conv. pass × prezzo
A9: Bundle Completo — ricavi lordi | B9: =ROUND(B5*'📋 Assunzioni'!B18*'📋 Assunzioni'!B7,2) -> 958.8 | C9: =ROUND(C5*'📋 Assunzioni'!B18*'📋 Assunzioni'!B7,2) -> 4794 | D9: =ROUND(D5*'📋 Assunzioni'!B18*'📋 Assunzioni'!B7,2) -> 14382 | E9: MAU × conv. bundle × prezzo
A10: TOTALE RICAVI LORDI | B10: =SUM(B7:B9) -> 3326.52 | C10: =SUM(C7:C9) -> 16632.6 | D10: =SUM(D7:D9) -> 49897.8 | E10: Somma pack + pass + bundle
A11: Commissione Store (15% Y1/Y2, 30% Y3+) | B11: =-ROUND(B10*'📋 Assunzioni'!B9,2) -> -498.98 | C11: =-ROUND(C10*'📋 Assunzioni'!B9,2) -> -2494.89 | D11: =-ROUND(D10*'📋 Assunzioni'!B8,2) -> -14969.34 | E11: Apple Small Business 15% (MRR<$1M) → 30% da Y3
A12: RICAVI NETTI (dopo store) | B12: =B10+B11 -> 2827.54 | C12: =C10+C11 -> 14137.71 | D12: =D10+D11 -> 34928.46 | E12: Lordo + commissione (negativa)
A13: 📉 COSTI OPERATIVI (annui)
A14: ElevenLabs API (piano auto da utilizzo) | B14: =ROUND(IF(B5*'📋 Assunzioni'!B17*'📋 Assunzioni'!B24*'📋 Assunzioni'!B23*'📋 Assunzioni'!B22<='📋 Assunzioni'!B27,'📋 Assunzioni'!B28*12,IF(B5*'📋 Assunzioni'!B17*'📋 Assunzioni'!B24*'📋 Assunzioni'!B23*'📋 Assunzioni'!B22<='📋 Assunzioni'!B29,'📋 Assunzioni'!B30*12,'📋 Assunzioni'!B32*12)),2) -> 3636 | C14: =ROUND(IF(C5*'📋 Assunzioni'!B17*'📋 Assunzioni'!B24*'📋 Assunzioni'!B23*'📋 Assunzioni'!B22<='📋 Assunzioni'!B27,'📋 Assunzioni'!B28*12,IF(C5*'📋 Assunzioni'!B17*'📋 Assunzioni'!B24*'📋 Assunzioni'!B23*'📋 Assunzioni'!B22<='📋 Assunzioni'!B29,'📋 Assunzioni'!B30*12,'📋 Assunzioni'!B32*12)),2) -> 0 | D14: =ROUND(IF(D5*'📋 Assunzioni'!B17*'📋 Assunzioni'!B24*'📋 Assunzioni'!B23*'📋 Assunzioni'!B22<='📋 Assunzioni'!B27,'📋 Assunzioni'!B28*12,IF(D5*'📋 Assunzioni'!B17*'📋 Assunzioni'!B24*'📋 Assunzioni'!B23*'📋 Assunzioni'!B22<='📋 Assunzioni'!B29,'📋 Assunzioni'!B30*12,'📋 Assunzioni'!B32*12)),2) -> 0 | E14: Auto: Creator/Pro/Scale in base agli utenti Pass
A15: Apple Developer (€99/anno) | B15: ='📋 Assunzioni'!B35*12 -> 204 | C15: ='📋 Assunzioni'!B35*12 -> 204 | D15: ='📋 Assunzioni'!B35*12 -> 204 | E15: Fisso annuale
A16: Google Play (€23 una tantum, Y1 only) | B16: ='📋 Assunzioni'!B36*12 -> 0 | C16: 0 | D16: 0 | E16: Solo primo anno
A17: Netlify Pro | B17: ='📋 Assunzioni'!B37*12 -> 0 | C17: ='📋 Assunzioni'!B37*12 -> 0 | D17: ='📋 Assunzioni'!B37*12 -> 0 | E17: Se supera free tier (100GB bandwidth)
A18: RevenueCat | B18: ='📋 Assunzioni'!B38*12 -> 0 | C18: =IF(B12/12>2300,ROUND(B12*0.01,2),0) -> 0 | D18: =IF(C12/12>2300,ROUND(C12*0.01,2),0) -> 0 | E18: Gratis <$2.5k MRR, poi 1% del MRR
A19: Firebase (Blaze pay-as-you-go) | B19: ='📋 Assunzioni'!B39*12 -> 0 | C19: 0 | D19: =ROUND(D5*0.0012*12,2) -> 1296 | E19: Spark free Y1/Y2; stima Blaze Y3 (~€0,0012/MAU/mese)
A20: TOTALE COSTI | B20: =SUM(B14:B19) -> 3840 | C20: =SUM(C14:C19) -> 204 | D20: =SUM(D14:D19) -> 1500 | E20: ElevenLabs + store + infrastruttura
A21: 📊 RISULTATO NETTO
A22: UTILE NETTO (Revenue netti - Costi) | B22: =B12-B20 -> -1012.46 | C22: =C12-C20 -> 13933.71 | D22: =D12-D20 -> 33428.46 | E22: Profitto reale (no tasse, no costi sviluppo)
A23: Margine % | B23: =IF(B12<>0,B22/B12,0) -> -0.35807097 | C23: =IF(C12<>0,C22/C12,0) -> 0.98557051 | D23: =IF(D12<>0,D22/D12,0) -> 0.95705508 | E23: Margine su revenue netti
A24: ARPU medio (€/MAU/anno) | B24: =IF(B5>0,B12/B5,0) -> 0.47125667 | C24: =IF(C5>0,C12/C5,0) -> 0.471257 | D24: =IF(D5>0,D12/D5,0) -> 0.388094 | E24: Revenue netti ÷ MAU (annuo)

Sheet 🎙️ ElevenLabs
A1: 🎙️ CALCOLATORE COSTI ELEVENLABS — Lupus in Fabula
A3: 📐 CONSUMI STIMATI
A4: Utenti con Pass Narratore attivo (mensili) | B4: 50 | C4: Modifica per simulare crescita
A5: Partite al mese per utente Pass | B5: 2.5 | C5: Media serate con EL attivo
A6: Narrazioni per partita | B6: 8 | C6: Fasi notturne tipiche
A7: Caratteri per narrazione (media) | B7: 180 | C7: ~180 char per frase del narratore
A8: ▶ TOTALE CARATTERI / MESE | B8: =ROUND(B4*B5*B6*B7,0) -> 180000 | C8: 0 char / nessun overage — Gratis fino a 10.000 char/mese
A10: 💳 PIANI ELEVENLABS (prezzi 2025)
A11: Piano | B11: Costo (€/mese) | C11: Char inclusi / Costo overage (€/1k char)
A12: Free | B12: 0 | C12: 10.000 char / €0 per 1k overage — Gratis — solo test iniziale
A13: Creator | B13: 20 | C13: 100.000 char / €0,22 per 1k overage — ~$22/mese — fino a ~55 utenti Pass
A14: Pro | B14: 91 | C14: 500.000 char / €0,18 per 1k overage — ~$99/mese — fino a ~278 utenti Pass
A15: Scale | B15: 303 | C15: 2.000.000 char / €0,16 per 1k overage — ~$330/mese — fino a ~1.111 utenti Pass
A16: Business | B16: 1210 | C16: 10.000.000 char / €0,12 per 1k overage — ~$1.320/mese — scala enterprise
A18: 🧮 PIANO CONSIGLIATO (automatico)
A19: Piano consigliato per il tuo utilizzo | B19: =IF(B8<=10000,"Free ✅",IF(B8<=100000,"Creator — €20/mese",IF(B8<=500000,"Pro — €91/mese",IF(B8<=2000000,"Scale — €303/mese","Business — €1.210/mese")))) -> Pro — €91/mese | C19: Calcolato automaticamente dai tuoi input
A20: Costo mensile stimato (€) | B20: =IF(B8<=10000,0,IF(B8<=100000,20,IF(B8<=500000,91,IF(B8<=2000000,303,1210)))) -> 91
A22: 💡 NOTA SUL MODELLO DI COSTO:
A23: • Con il modello attuale (Netlify proxy), la chiave EL è SERVER-SIDE: TU paghi per tutti gli utenti Pass.
A24: • Alternativa A: Pass Narratore = utenti portano la propria chiave EL (costo zero per te, ma più friction per l'utente).
A25: • Alternativa B: Pass Narratore = abbonamento mensile che copre i costi EL (€2,99/mese invece di €4,99 una tantum).
A26: • Raccomandazione: mantieni chiave server-side e monitora il costo EL mensile. Se supera 30% del revenue Pass → rivedi pricing.

Sheet 📈 Scenari
A1: 📈 LUPUS IN FABULA — Confronto Scenari (Conservative / Realistic / Optimistic)
A2: Metrica | B2: Y1 | C2: Y2 | D2: Y3 | E2: Y1 | F2: Y2 | G2: Y3 | H2: Y1 | I2: Y2 | J2: Y3
B3: ◀ CONSERVATIVO ▶ | E3: ◀ REALISTICO ▶ | H3: ◀ OTTIMISTICO ▶
A4: Downloads cumulativi | B4: 5000 | C4: 20000 | D4: 50000 | E4: 15000 | F4: 60000 | G4: 150000 | H4: 40000 | I4: 150000 | J4: 400000
A5: MAU (Utenti attivi/mese) | B5: 1750 | C5: 7000 | D5: 17500 | E5: 6000 | F5: 24000 | G5: 60000 | H5: 20000 | I5: 75000 | J5: 200000
A6: Revenue Lordo (€/anno) | B6: 868 | C6: 3472 | D6: 8679 | E6: 3800 | F6: 15222 | G6: 38055 | H6: 14320 | I6: 53700 | J6: 142900
A7: Commissione Store (€) | B7: -130 | C7: -521 | D7: -1302 | E7: -570 | F7: -2283 | G7: -11417 | H7: -2148 | I7: -8055 | J7: -42870
A8: Revenue Netti (€/anno) | B8: 738 | C8: 2951 | D8: 7377 | E8: 3230 | F8: 12939 | G8: 26638 | H8: 12172 | I8: 45645 | J8: 100030
A9: Costi EL + Infra (€/anno) | B9: 219 | C9: 219 | D9: 240 | E9: 1092 | F9: 3636 | G9: 5796 | H9: 3636 | I9: 10884 | J9: 16380
A10: UTILE NETTO (€/anno) | B10: 519 | C10: 2732 | D10: 7137 | E10: 2138 | F10: 9303 | G10: 20842 | H10: 8536 | I10: 34761 | J10: 83650
A11: Margine netto % | B11: 0.703 | C11: 0.926 | D11: 0.968 | E11: 0.662 | F11: 0.719 | G11: 0.783 | H11: 0.701 | I11: 0.762 | J11: 0.836
A12: ARPU annuo (€/MAU) | B12: 0.42 | C12: 0.42 | D12: 0.42 | E12: 0.54 | F12: 0.54 | G12: 0.44 | H12: 0.61 | I12: 0.61 | J12: 0.5
A13: CONSERVATIVO: download bassi, conv. 6%/2.5%/1%
A14: REALISTICO: scenario base del modello principale
A15: OTTIMISTICO: viral growth, conv. 10%/6%/3%
